State,Annual Salary,Year
United States,1441.0,1939
Alabama,744.0,1939
Alaska,,1939
Arizona,1544.0,1939
Arkansas,584.0,1939
California,2351.0,1939
Colorado,1393.0,1939
Connecticut,1861.0,1939
Delaware,1684.0,1939
District of Columbia,2350.0,1939
Florida,1012.0,1939
Georgia,770.0,1939
Hawaii,,1939
Idaho,1057.0,1939
Illinois,1700.0,1939
Indiana,1433.0,1939
Iowa,1017.0,1939
Kansas,1014.0,1939
Kentucky,826.0,1939
Louisiana,1006.0,1939
Maine,894.0,1939
Maryland,1642.0,1939
Massachusetts,2037.0,1939
Michigan,1576.0,1939
Minnesota,1276.0,1939
Mississippi,559.0,1939
Missouri,1159.0,1939
Montana,1184.0,1939
Nebraska,829.0,1939
Nevada,1557.0,1939
New Hampshire,1258.0,1939
New Jersey,2093.0,1939
New Mexico,1144.0,1939
New York,2604.0,1939
North Carolina,946.0,1939
North Dakota,745.0,1939
Ohio,1587.0,1939
Oklahoma,1014.0,1939
Oregon,1333.0,1939
Pennsylvania,1640.0,1939
Rhode Island,1809.0,1939
South Carolina,743.0,1939
South Dakota,807.0,1939
Tennessee,862.0,1939
Texas,1079.0,1939
Utah,1394.0,1939
Vermont,981.0,1939
Virginia,899.0,1939
Washington,1706.0,1939
West Virginia,1170.0,1939
Wisconsin,1379.0,1939
Wyoming,1169.0,1939
United States,3010.0,1949
Alabama,2111.0,1949
Alaska,,1949
Arizona,3556.0,1949
Arkansas,1801.0,1949
California,,1949
Colorado,2821.0,1949
Connecticut,3558.0,1949
Delaware,3273.0,1949
District of Columbia,3920.0,1949
Florida,2958.0,1949
Georgia,1963.0,1949
Hawaii,,1949
Idaho,2481.0,1949
Illinois,3458.0,1949
Indiana,3401.0,1949
Iowa,2420.0,1949
Kansas,2628.0,1949
Kentucky,1936.0,1949
Louisiana,2983.0,1949
Maine,2115.0,1949
Maryland,3594.0,1949
Massachusetts,3338.0,1949
Michigan,3420.0,1949
Minnesota,3013.0,1949
Mississippi,1416.0,1949
Missouri,2581.0,1949
Montana,2962.0,1949
Nebraska,2292.0,1949
Nevada,3209.0,1949
New Hampshire,2712.0,1949
New Jersey,3511.0,1949
New Mexico,3215.0,1949
New York,3706.0,1949
North Carolina,2688.0,1949
North Dakota,2324.0,1949
Ohio,3088.0,1949
Oklahoma,2736.0,1949
Oregon,3323.0,1949
Pennsylvania,3006.0,1949
Rhode Island,3294.0,1949
South Carolina,1891.0,1949
South Dakota,2064.0,1949
Tennessee,2302.0,1949
Texas,3122.0,1949
Utah,3103.0,1949
Vermont,2348.0,1949
Virginia,2328.0,1949
Washington,3487.0,1949
West Virginia,2425.0,1949
Wisconsin,3007.0,1949
Wyoming,2798.0,1949
United States,5174.0,1959
Alabama,4002.0,1959
Alaska,6859.0,1959
Arizona,5590.0,1959
Arkansas,3295.0,1959
California,6600.0,1959
Colorado,4997.0,1959
Connecticut,6008.0,1959
Delaware,5800.0,1959
District of Columbia,6280.0,1959
Florida,5080.0,1959
Georgia,3904.0,1959
Hawaii,5390.0,1959
Idaho,4216.0,1959
Illinois,5814.0,1959
Indiana,5542.0,1959
Iowa,4030.0,1959
Kansas,4450.0,1959
Kentucky,3327.0,1959
Louisiana,4978.0,1959
Maine,3694.0,1959
Maryland,5557.0,1959
Massachusetts,5545.0,1959
Michigan,5654.0,1959
Minnesota,5275.0,1959
Mississippi,3314.0,1959
Missouri,4536.0,1959
Montana,4425.0,1959
Nebraska,3876.0,1959
Nevada,5693.0,1959
New Hampshire,4455.0,1959
New Jersey,5871.0,1959
New Mexico,5382.0,1959
New York,6537.0,1959
North Carolina,4178.0,1959
North Dakota,3695.0,1959
Ohio,5124.0,1959
Oklahoma,4659.0,1959
Oregon,5535.0,1959
Pennsylvania,5308.0,1959
Rhode Island,5499.0,1959
South Carolina,3450.0,1959
South Dakota,3725.0,1959
Tennessee,3929.0,1959
Texas,4708.0,1959
Utah,5096.0,1959
Vermont,4466.0,1959
Virginia,4312.0,1959
Washington,5643.0,1959
West Virginia,3952.0,1959
Wisconsin,4870.0,1959
Wyoming,4937.0,1959
United States,9047.0,1969
Alabama,6954.0,1969
Alaska,10993.0,1969
Arizona,8975.0,1969
Arkansas,6461.0,1969
California,10950.0,1969
Colorado,8105.0,1969
Connecticut,9597.0,1969
Delaware,9387.0,1969
District of Columbia,10700.0,1969
Florida,8785.0,1969
Georgia,7520.0,1969
Hawaii,9600.0,1969
Idaho,7081.0,1969
Illinois,9789.0,1969
Indiana,9239.0,1969
Iowa,8779.0,1969
Kansas,7811.0,1969
Kentucky,7325.0,1969
Louisiana,7264.0,1969
Maine,8059.0,1969
Maryland,9885.0,1969
Massachusetts,9347.0,1969
Michigan,10125.0,1969
Minnesota,9250.0,1969
Mississippi,5959.0,1969
Missouri,8064.0,1969
Montana,7875.0,1969
Nebraska,7633.0,1969
Nevada,9615.0,1969
New Hampshire,8016.0,1969
New Jersey,9650.0,1969
New Mexico,10021.0,1969
New York,11240.0,1969
North Carolina,7762.0,1969
North Dakota,6840.0,1969
Ohio,8594.0,1969
Oklahoma,7257.0,1969
Oregon,9200.0,1969
Pennsylvania,8899.0,1969
Rhode Island,9030.0,1969
South Carolina,7069.0,1969
South Dakota,7200.0,1969
Tennessee,7187.0,1969
Texas,7598.0,1969
Utah,8049.0,1969
Vermont,8225.0,1969
Virginia,8364.0,1969
Washington,9792.0,1969
West Virginia,7954.0,1969
Wisconsin,9150.0,1969
Wyoming,8496.0,1969
United States,16715.0,1979
Alabama,13338.0,1979
Alaska,27697.0,1979
Arizona,16180.0,1979
Arkansas,12704.0,1979
California,18626.0,1979
Colorado,16840.0,1979
Connecticut,16989.0,1979
Delaware,16845.0,1979
District of Columbia,23027.0,1979
Florida,14875.0,1979
Georgia,14547.0,1979
Hawaii,20436.0,1979
Idaho,14110.0,1979
Illinois,18271.0,1979
Indiana,16256.0,1979
Iowa,15776.0,1979
Kansas,14513.0,1979
Kentucky,15350.0,1979
Louisiana,14020.0,1979
Maine,13743.0,1979
Maryland,18308.0,1979
Massachusetts,18900.0,1979
Michigan,20682.0,1979
Minnesota,16654.0,1979
Mississippi,12274.0,1979
Missouri,14543.0,1979
Montana,15080.0,1979
Nebraska,14236.0,1979
Nevada,17290.0,1979
New Hampshire,13508.0,1979
New Jersey,18851.0,1979
New Mexico,15406.0,1979
New York,20400.0,1979
North Carolina,14445.0,1979
North Dakota,13684.0,1979
Ohio,16100.0,1979
Oklahoma,13500.0,1979
Oregon,16996.0,1979
Pennsylvania,17060.0,1979
Rhode Island,18425.0,1979
South Carolina,13670.0,1979
South Dakota,13010.0,1979
Tennessee,14193.0,1979
Texas,14729.0,1979
Utah,17403.0,1979
Vermont,13300.0,1979
Virginia,14655.0,1979
Washington,19735.0,1979
West Virginia,14395.0,1979
Wisconsin,16335.0,1979
Wyoming,16830.0,1979
United States,32638.0,1989
Alabama,26200.0,1989
Alaska,43161.0,1989
Arizona,33592.0,1989
Arkansas,23296.0,1989
California,39309.0,1989
Colorado,31832.0,1989
Connecticut,41888.0,1989
Delaware,34620.0,1989
District of Columbia,43637.0,1989
Florida,30275.0,1989
Georgia,29541.0,1989
Hawaii,32956.0,1989
Idaho,24758.0,1989
Illinois,33912.0,1989
Indiana,31905.0,1989
Iowa,27619.0,1989
Kansas,30154.0,1989
Kentucky,27482.0,1989
Louisiana,25036.0,1989
Maine,27831.0,1989
Maryland,37520.0,1989
Massachusetts,40175.0,1989
Michigan,37286.0,1989
Minnesota,33340.0,1989
Mississippi,25079.0,1989
Missouri,28166.0,1989
Montana,29526.0,1989
Nebraska,27024.0,1989
Nevada,31970.0,1989
New Hampshire,29798.0,1989
New Jersey,37485.0,1989
New Mexico,25790.0,1989
New York,40000.0,1989
North Carolina,28952.0,1989
North Dakota,23788.0,1989
Ohio,32467.0,1989
Oklahoma,23944.0,1989
Oregon,32100.0,1989
Pennsylvania,34110.0,1989
Rhode Island,36704.0,1989
South Carolina,28453.0,1989
South Dakota,22120.0,1989
Tennessee,27949.0,1989
Texas,28549.0,1989
Utah,24591.0,1989
Vermont,29012.0,1989
Virginia,31656.0,1989
Washington,31828.0,1989
West Virginia,23842.0,1989
Wisconsin,32445.0,1989
Wyoming,29047.0,1989
United States,34063.0,1991
Alabama,26971.0,1991
Alaska,44661.0,1991
Arizona,31176.0,1991
Arkansas,27070.0,1991
California,39922.0,1991
Colorado,33072.0,1991
Connecticut,46971.0,1991
Delaware,34548.0,1991
District of Columbia,38798.0,1991
Florida,31070.0,1991
Georgia,29372.0,1991
Hawaii,34528.0,1991
Idaho,26334.0,1991
Illinois,36461.0,1991
Indiana,34006.0,1991
Iowa,29202.0,1991
Kansas,30731.0,1991
Kentucky,30870.0,1991
Louisiana,25963.0,1991
Maine,30097.0,1991
Maryland,38728.0,1991
Massachusetts,37845.0,1991
Michigan,41490.0,1991
Minnesota,34451.0,1991
Mississippi,24367.0,1991
Missouri,28895.0,1991
Montana,27590.0,1991
Nebraska,27231.0,1991
Nevada,33857.0,1991
New Hampshire,33170.0,1991
New Jersey,41027.0,1991
New Mexico,26239.0,1991
New York,43335.0,1991
North Carolina,28791.0,1991
North Dakota,24495.0,1991
Ohio,32932.0,1991
Oklahoma,25339.0,1991
Oregon,34100.0,1991
Pennsylvania,38715.0,1991
Rhode Island,36417.0,1991
South Carolina,28068.0,1991
South Dakota,23291.0,1991
Tennessee,28621.0,1991
Texas,29041.0,1991
Utah,26339.0,1991
Vermont,33646.0,1991
Virginia,31764.0,1991
Washington,34823.0,1991
West Virginia,27366.0,1991
Wisconsin,35227.0,1991
Wyoming,30425.0,1991
United States,35029.0,1992
Alabama,26953.0,1992
Alaska,46701.0,1992
Arizona,31352.0,1992
Arkansas,27433.0,1992
California,40035.0,1992
Colorado,33541.0,1992
Connecticut,48343.0,1992
Delaware,36217.0,1992
District of Columbia,38702.0,1992
Florida,31172.0,1992
Georgia,30223.0,1992
Hawaii,36470.0,1992
Idaho,27011.0,1992
Illinois,38632.0,1992
Indiana,35066.0,1992
Iowa,30130.0,1992
Kansas,32863.0,1992
Kentucky,31115.0,1992
Louisiana,26102.0,1992
Maine,30250.0,1992
Maryland,38753.0,1992
Massachusetts,38774.0,1992
Michigan,43901.0,1992
Minnesota,35093.0,1992
Mississippi,24367.0,1992
Missouri,29382.0,1992
Montana,27617.0,1992
Nebraska,28768.0,1992
Nevada,34119.0,1992
New Hampshire,33931.0,1992
New Jersey,42680.0,1992
New Mexico,26532.0,1992
New York,44999.0,1992
North Carolina,29315.0,1992
North Dakota,25211.0,1992
Ohio,34519.0,1992
Oklahoma,25918.0,1992
Oregon,35880.0,1992
Pennsylvania,41215.0,1992
Rhode Island,37933.0,1992
South Carolina,29224.0,1992
South Dakota,24289.0,1992
Tennessee,28960.0,1992
Texas,29935.0,1992
Utah,27239.0,1992
Vermont,34824.0,1992
Virginia,33212.0,1992
Washington,35759.0,1992
West Virginia,30301.0,1992
Wisconsin,35926.0,1992
Wyoming,30080.0,1992
United States,35819.0,1993
Alabama,28705.0,1993
Alaska,47512.0,1993
Arizona,31800.0,1993
Arkansas,28098.0,1993
California,40264.0,1993
Colorado,33826.0,1993
Connecticut,49769.0,1993
Delaware,37469.0,1993
District of Columbia,42543.0,1993
Florida,31944.0,1993
Georgia,30712.0,1993
Hawaii,36564.0,1993
Idaho,27756.0,1993
Illinois,39387.0,1993
Indiana,35712.0,1993
Iowa,30760.0,1993
Kansas,33919.0,1993
Kentucky,31625.0,1993
Louisiana,26285.0,1993
Maine,30996.0,1993
Maryland,39453.0,1993
Massachusetts,40852.0,1993
Michigan,45186.0,1993
Minnesota,36146.0,1993
Mississippi,25153.0,1993
Missouri,30310.0,1993
Montana,28200.0,1993
Nebraska,29564.0,1993
Nevada,33955.0,1993
New Hampshire,34121.0,1993
New Jersey,44693.0,1993
New Mexico,27922.0,1993
New York,45772.0,1993
North Carolina,29728.0,1993
North Dakota,25506.0,1993
Ohio,35678.0,1993
Oklahoma,27009.0,1993
Oregon,37590.0,1993
Pennsylvania,42411.0,1993
Rhode Island,39261.0,1993
South Carolina,29566.0,1993
South Dakota,25259.0,1993
Tennessee,30514.0,1993
Texas,30519.0,1993
Utah,27706.0,1993
Vermont,34517.0,1993
Virginia,33009.0,1993
Washington,35863.0,1993
West Virginia,30549.0,1993
Wisconsin,35990.0,1993
Wyoming,30952.0,1993
United States,36933.0,1994
Alabama,31144.0,1994
Alaska,47951.0,1994
Arizona,32090.0,1994
Arkansas,28409.0,1994
California,40667.0,1994
Colorado,34571.0,1994
Connecticut,51300.0,1994
Delaware,39076.0,1994
District of Columbia,42959.0,1994
Florida,32588.0,1994
Georgia,32828.0,1994
Hawaii,38518.0,1994
Idaho,29783.0,1994
Illinois,41041.0,1994
Indiana,36516.0,1994
Iowa,31511.0,1994
Kansas,34936.0,1994
Kentucky,32257.0,1994
Louisiana,26574.0,1994
Maine,31856.0,1994
Maryland,40636.0,1994
Massachusetts,42078.0,1994
Michigan,47412.0,1994
Minnesota,37412.0,1994
Mississippi,26910.0,1994
Missouri,31217.0,1994
Montana,28785.0,1994
Nebraska,30822.0,1994
Nevada,34836.0,1994
New Hampshire,34974.0,1994
New Jersey,46801.0,1994
New Mexico,28865.0,1994
New York,47250.0,1994
North Carolina,31079.0,1994
North Dakota,26327.0,1994
Ohio,36685.0,1994
Oklahoma,27971.0,1994
Oregon,38700.0,1994
Pennsylvania,44489.0,1994
Rhode Island,40729.0,1994
South Carolina,30341.0,1994
South Dakota,26017.0,1994
Tennessee,31270.0,1994
Texas,31310.0,1994
Utah,28676.0,1994
Vermont,36311.0,1994
Virginia,33753.0,1994
Washington,36120.0,1994
West Virginia,31923.0,1994
Wisconsin,37349.0,1994
Wyoming,31300.0,1994
United States,37846.0,1995
Alabama,31307.0,1995
Alaska,49620.0,1995
Arizona,32484.0,1995
Arkansas,29322.0,1995
California,42516.0,1995
Colorado,35364.0,1995
Connecticut,50400.0,1995
Delaware,40533.0,1995
District of Columbia,43700.0,1995
Florida,33320.0,1995
Georgia,34307.0,1995
Hawaii,35807.0,1995
Idaho,30891.0,1995
Illinois,41008.0,1995
Indiana,37805.0,1995
Iowa,32376.0,1995
Kansas,35518.0,1995
Kentucky,33018.0,1995
Louisiana,26800.0,1995
Maine,32869.0,1995
Maryland,41215.0,1995
Massachusetts,43756.0,1995
Michigan,49168.0,1995
Minnesota,36937.0,1995
Mississippi,27689.0,1995
Missouri,33341.0,1995
Montana,29364.0,1995
Nebraska,31496.0,1995
Nevada,36167.0,1995
New Hampshire,35792.0,1995
New Jersey,47910.0,1995
New Mexico,29349.0,1995
New York,48115.0,1995
North Carolina,30564.0,1995
North Dakota,26969.0,1995
Ohio,37835.0,1995
Oklahoma,28909.0,1995
Oregon,39650.0,1995
Pennsylvania,46916.0,1995
Rhode Island,42160.0,1995
South Carolina,31568.0,1995
South Dakota,26346.0,1995
Tennessee,33451.0,1995
Texas,32000.0,1995
Utah,30452.0,1995
Vermont,36295.0,1995
Virginia,34687.0,1995
Washington,38025.0,1995
West Virginia,32155.0,1995
Wisconsin,38571.0,1995
Wyoming,31571.0,1995
United States,40435.0,1996
Alabama,33744.0,1996
Alaska,52033.0,1996
Arizona,44157.0,1996
Arkansas,31852.0,1996
California,45349.0,1996
Colorado,37473.0,1996
Connecticut,52067.0,1996
Delaware,43085.0,1996
District of Columbia,40854.0,1996
Florida,34980.0,1996
Georgia,37344.0,1996
Hawaii,36986.0,1996
Idaho,33277.0,1996
Illinois,43686.0,1996
Indiana,40062.0,1996
Iowa,34477.0,1996
Kansas,38379.0,1996
Kentucky,35560.0,1996
Louisiana,30499.0,1996
Maine,34796.0,1996
Maryland,42988.0,1996
Massachusetts,54244.0,1996
Michigan,47181.0,1996
Minnesota,39258.0,1996
Mississippi,28648.0,1996
Missouri,34789.0,1996
Montana,31836.0,1996
Nebraska,35045.0,1996
Nevada,39179.0,1996
New Hampshire,43455.0,1996
New Jersey,52411.0,1996
New Mexico,30914.0,1996
New York,48600.0,1996
North Carolina,32383.0,1996
North Dakota,27905.0,1996
Ohio,39938.0,1996
Oklahoma,31894.0,1996
Oregon,42420.0,1996
Pennsylvania,48178.0,1996
Rhode Island,44188.0,1996
South Carolina,34421.0,1996
South Dakota,27767.0,1996
Tennessee,35555.0,1996
Texas,34937.0,1996
Utah,33031.0,1996
Vermont,36053.0,1996
Virginia,36426.0,1996
Washington,39594.0,1996
West Virginia,34345.0,1996
Wisconsin,41848.0,1996
Wyoming,32620.0,1996
United States,41272.0,1997
Alabama,34040.0,1997
Alaska,48760.0,1997
Arizona,44819.0,1997
Arkansas,32186.0,1997
California,45610.0,1997
Colorado,38590.0,1997
Connecticut,52480.0,1997
Delaware,44169.0,1997
District of Columbia,42068.0,1997
Florida,35594.0,1997
Georgia,39412.0,1997
Hawaii,39751.0,1997
Idaho,34326.0,1997
Illinois,45361.0,1997
Indiana,41014.0,1997
Iowa,35326.0,1997
Kansas,39219.0,1997
Kentucky,36222.0,1997
Louisiana,31602.0,1997
Maine,35484.0,1997
Maryland,43618.0,1997
Massachusetts,55630.0,1997
Michigan,47500.0,1997
Minnesota,39123.0,1997
Mississippi,29857.0,1997
Missouri,35624.0,1997
Montana,32536.0,1997
Nebraska,35800.0,1997
Nevada,39002.0,1997
New Hampshire,44234.0,1997
New Jersey,53196.0,1997
New Mexico,31580.0,1997
New York,49320.0,1997
North Carolina,34398.0,1997
North Dakota,28438.0,1997
Ohio,40352.0,1997
Oklahoma,32302.0,1997
Oregon,43700.0,1997
Pennsylvania,48624.0,1997
Rhode Island,45504.0,1997
South Carolina,35358.0,1997
South Dakota,28880.0,1997
Tennessee,36700.0,1997
Texas,36112.0,1997
Utah,33265.0,1997
Vermont,36299.0,1997
Virginia,37458.0,1997
Washington,40629.0,1997
West Virginia,34564.0,1997
Wisconsin,42273.0,1997
Wyoming,32979.0,1997
United States,42459.0,1998
Alabama,36740.0,1998
Alaska,48085.0,1998
Arizona,45785.0,1998
Arkansas,32879.0,1998
California,46593.0,1998
Colorado,39421.0,1998
Connecticut,53429.0,1998
Delaware,44916.0,1998
District of Columbia,42974.0,1998
Florida,37048.0,1998
Georgia,41591.0,1998
Hawaii,41547.0,1998
Idaho,35643.0,1998
Illinois,47312.0,1998
Indiana,42501.0,1998
Iowa,36209.0,1998
Kansas,39690.0,1998
Kentucky,37251.0,1998
Louisiana,33943.0,1998
Maine,36125.0,1998
Maryland,44873.0,1998
Massachusetts,56829.0,1998
Michigan,48207.0,1998
Minnesota,40707.0,1998
Mississippi,30743.0,1998
Missouri,36512.0,1998
Montana,30034.0,1998
Nebraska,36571.0,1998
Nevada,41007.0,1998
New Hampshire,45187.0,1998
New Jersey,54342.0,1998
New Mexico,33714.0,1998
New York,50300.0,1998
North Carolina,37279.0,1998
North Dakota,29215.0,1998
Ohio,41986.0,1998
Oklahoma,32783.0,1998
Oregon,43142.0,1998
Pennsylvania,49566.0,1998
Rhode Island,51689.0,1998
South Carolina,36217.0,1998
South Dakota,29387.0,1998
Tennessee,37491.0,1998
Texas,36999.0,1998
Utah,33982.0,1998
Vermont,37081.0,1998
Virginia,38265.0,1998
Washington,40596.0,1998
West Virginia,35451.0,1998
Wisconsin,43507.0,1998
Wyoming,34683.0,1998
United States,41724.0,1999
Alabama,36689.0,1999
Alaska,47262.0,1999
Arizona,35650.0,1999
Arkansas,33386.0,1999
California,47680.0,1999
Colorado,38163.0,1999
Connecticut,51780.0,1999
Delaware,44435.0,1999
District of Columbia,47076.0,1999
Florida,36722.0,1999
Georgia,41023.0,1999
Hawaii,40578.0,1999
Idaho,35162.0,1999
Illinois,46486.0,1999
Indiana,41850.0,1999
Iowa,35678.0,1999
Kansas,38453.0,1999
Kentucky,36380.0,1999
Louisiana,33109.0,1999
Maine,35561.0,1999
Maryland,44048.0,1999
Massachusetts,46250.0,1999
Michigan,48695.0,1999
Minnesota,39802.0,1999
Mississippi,31857.0,1999
Missouri,35656.0,1999
Montana,32121.0,1999
Nebraska,33284.0,1999
Nevada,39390.0,1999
New Hampshire,37734.0,1999
New Jersey,52174.0,1999
New Mexico,32554.0,1999
New York,50173.0,1999
North Carolina,39419.0,1999
North Dakota,29863.0,1999
Ohio,41436.0,1999
Oklahoma,31298.0,1999
Oregon,40919.0,1999
Pennsylvania,48321.0,1999
Rhode Island,47041.0,1999
South Carolina,36081.0,1999
South Dakota,29072.0,1999
Tennessee,36328.0,1999
Texas,37567.0,1999
Utah,34946.0,1999
Vermont,37714.0,1999
Virginia,38123.0,1999
Washington,41013.0,1999
West Virginia,35008.0,1999
Wisconsin,41153.0,1999
Wyoming,34140.0,1999
United States,42898.0,2000
Alabama,37956.0,2000
Alaska,46986.0,2000
Arizona,36302.0,2000
Arkansas,34476.0,2000
California,48923.0,2000
Colorado,39284.0,2000
Connecticut,52100.0,2000
Delaware,47047.0,2000
District of Columbia,48651.0,2000
Florida,37824.0,2000
Georgia,42216.0,2000
Hawaii,41980.0,2000
Idaho,36375.0,2000
Illinois,48053.0,2000
Indiana,43055.0,2000
Iowa,36479.0,2000
Kansas,39432.0,2000
Kentucky,37234.0,2000
Louisiana,34253.0,2000
Maine,36256.0,2000
Maryland,44997.0,2000
Massachusetts,47523.0,2000
Michigan,49975.0,2000
Minnesota,40577.0,2000
Mississippi,32957.0,2000
Missouri,36764.0,2000
Montana,32930.0,2000
Nebraska,34175.0,2000
Nevada,40172.0,2000
New Hampshire,38303.0,2000
New Jersey,53281.0,2000
New Mexico,33785.0,2000
New York,50920.0,2000
North Carolina,41167.0,2000
North Dakota,30891.0,2000
Ohio,42716.0,2000
Oklahoma,34434.0,2000
Oregon,42333.0,2000
Pennsylvania,49500.0,2000
Rhode Island,48474.0,2000
South Carolina,37327.0,2000
South Dakota,30265.0,2000
Tennessee,37074.0,2000
Texas,38614.0,2000
Utah,36049.0,2000
Vermont,38651.0,2000
Virginia,40197.0,2000
Washington,42101.0,2000
West Virginia,35764.0,2000
Wisconsin,41646.0,2000
Wyoming,34189.0,2000
United States,44604.0,2001
Alabama,39268.0,2001
Alaska,49418.0,2001
Arizona,36966.0,2001
Arkansas,35389.0,2001
California,53870.0,2001
Colorado,40222.0,2001
Connecticut,54300.0,2001
Delaware,48363.0,2001
District of Columbia,47049.0,2001
Florida,38719.0,2001
Georgia,44073.0,2001
Hawaii,41951.0,2001
Idaho,37482.0,2001
Illinois,50000.0,2001
Indiana,44195.0,2001
Iowa,38230.0,2001
Kansas,36673.0,2001
Kentucky,37847.0,2001
Louisiana,35437.0,2001
Maine,37100.0,2001
Maryland,46200.0,2001
Massachusetts,50293.0,2001
Michigan,52037.0,2001
Minnesota,43330.0,2001
Mississippi,32800.0,2001
Missouri,37695.0,2001
Montana,34379.0,2001
Nebraska,36236.0,2001
Nevada,41524.0,2001
New Hampshire,38911.0,2001
New Jersey,54575.0,2001
New Mexico,36490.0,2001
New York,53081.0,2001
North Carolina,42959.0,2001
North Dakota,31709.0,2001
Ohio,44492.0,2001
Oklahoma,35412.0,2001
Oregon,43886.0,2001
Pennsylvania,50599.0,2001
Rhode Island,49758.0,2001
South Carolina,38943.0,2001
South Dakota,31295.0,2001
Tennessee,38554.0,2001
Texas,39293.0,2001
Utah,37414.0,2001
Vermont,38802.0,2001
Virginia,41262.0,2001
Washington,43483.0,2001
West Virginia,36751.0,2001
Wisconsin,43114.0,2001
Wyoming,37841.0,2001
United States,45822.0,2002
Alabama,38246.0,2002
Alaska,49685.0,2002
Arizona,40894.0,2002
Arkansas,37753.0,2002
California,56283.0,2002
Colorado,41275.0,2002
Connecticut,54362.0,2002
Delaware,50772.0,2002
District of Columbia,50763.0,2002
Florida,39465.0,2002
Georgia,45533.0,2002
Hawaii,44464.0,2002
Idaho,40148.0,2002
Illinois,51289.0,2002
Indiana,45097.0,2002
Iowa,38921.0,2002
Kansas,38123.0,2002
Kentucky,38981.0,2002
Louisiana,36878.0,2002
Maine,38121.0,2002
Maryland,49677.0,2002
Massachusetts,52043.0,2002
Michigan,54071.0,2002
Minnesota,42833.0,2002
Mississippi,34555.0,2002
Missouri,38826.0,2002
Montana,35754.0,2002
Nebraska,37896.0,2002
Nevada,41795.0,2002
New Hampshire,40519.0,2002
New Jersey,54166.0,2002
New Mexico,36687.0,2002
New York,52600.0,2002
North Carolina,43076.0,2002
North Dakota,33210.0,2002
Ohio,45452.0,2002
Oklahoma,34854.0,2002
Oregon,47600.0,2002
Pennsylvania,51800.0,2002
Rhode Island,51076.0,2002
South Carolina,41279.0,2002
South Dakota,32416.0,2002
Tennessee,39677.0,2002
Texas,40001.0,2002
Utah,38413.0,2002
Vermont,41603.0,2002
Virginia,43152.0,2002
Washington,44949.0,2002
West Virginia,38508.0,2002
Wisconsin,42871.0,2002
Wyoming,37876.0,2002
United States,46752.0,2003
Alabama,38325.0,2003
Alaska,51736.0,2003
Arizona,41843.0,2003
Arkansas,39314.0,2003
California,56444.0,2003
Colorado,43319.0,2003
Connecticut,57337.0,2003
Delaware,49366.0,2003
District of Columbia,57009.0,2003
Florida,40604.0,2003
Georgia,45988.0,2003
Hawaii,45479.0,2003
Idaho,41080.0,2003
Illinois,54230.0,2003
Indiana,45791.0,2003
Iowa,39432.0,2003
Kansas,38623.0,2003
Kentucky,40240.0,2003
Louisiana,37918.0,2003
Maine,39864.0,2003
Maryland,50261.0,2003
Massachusetts,53181.0,2003
Michigan,54412.0,2003
Minnesota,45375.0,2003
Mississippi,35684.0,2003
Missouri,38006.0,2003
Montana,37184.0,2003
Nebraska,38352.0,2003
Nevada,42254.0,2003
New Hampshire,42689.0,2003
New Jersey,55592.0,2003
New Mexico,38067.0,2003
New York,55181.0,2003
North Carolina,43211.0,2003
North Dakota,35441.0,2003
Ohio,47482.0,2003
Oklahoma,35061.0,2003
Oregon,49169.0,2003
Pennsylvania,51835.0,2003
Rhode Island,52261.0,2003
South Carolina,41162.0,2003
South Dakota,33236.0,2003
Tennessee,40318.0,2003
Texas,40476.0,2003
Utah,38976.0,2003
Vermont,42007.0,2003
Virginia,43655.0,2003
Washington,45434.0,2003
West Virginia,38461.0,2003
Wisconsin,42882.0,2003
Wyoming,39532.0,2003
United States,47750.0,2004
Alabama,38863.0,2004
Alaska,52424.0,2004
Arizona,42905.0,2004
Arkansas,40495.0,2004
California,57876.0,2004
Colorado,44161.0,2004
Connecticut,58688.0,2004
Delaware,50869.0,2004
District of Columbia,58456.0,2004
Florida,41081.0,2004
Georgia,46526.0,2004
Hawaii,44273.0,2004
Idaho,42122.0,2004
Illinois,55629.0,2004
Indiana,46851.0,2004
Iowa,40347.0,2004
Kansas,39190.0,2004
Kentucky,41002.0,2004
Louisiana,38880.0,2004
Maine,40940.0,2004
Maryland,52331.0,2004
Massachusetts,54596.0,2004
Michigan,55693.0,2004
Minnesota,46906.0,2004
Mississippi,36590.0,2004
Missouri,38971.0,2004
Montana,38485.0,2004
Nebraska,39456.0,2004
Nevada,43394.0,2004
New Hampshire,43941.0,2004
New Jersey,56600.0,2004
New Mexico,39328.0,2004
New York,56200.0,2004
North Carolina,43313.0,2004
North Dakota,36449.0,2004
Ohio,48692.0,2004
Oklahoma,37141.0,2004
Oregon,50790.0,2004
Pennsylvania,52700.0,2004
Rhode Island,53473.0,2004
South Carolina,42207.0,2004
South Dakota,34040.0,2004
Tennessee,41527.0,2004
Texas,41009.0,2004
Utah,39965.0,2004
Vermont,44535.0,2004
Virginia,44763.0,2004
Washington,45712.0,2004
West Virginia,38360.0,2004
Wisconsin,43466.0,2004
Wyoming,40392.0,2004
United States,49109.0,2005
Alabama,40347.0,2005
Alaska,53553.0,2005
Arizona,44672.0,2005
Arkansas,42093.0,2005
California,59345.0,2005
Colorado,45616.0,2005
Connecticut,59499.0,2005
Delaware,54264.0,2005
District of Columbia,61195.0,2005
Florida,43302.0,2005
Georgia,48300.0,2005
Hawaii,51599.0,2005
Idaho,43390.0,2005
Illinois,57819.0,2005
Indiana,47255.0,2005
Iowa,40877.0,2005
Kansas,41369.0,2005
Kentucky,41903.0,2005
Louisiana,40253.0,2005
Maine,40737.0,2005
Maryland,54486.0,2005
Massachusetts,56587.0,2005
Michigan,58482.0,2005
Minnesota,48489.0,2005
Mississippi,37924.0,2005
Missouri,39922.0,2005
Montana,39832.0,2005
Nebraska,41026.0,2005
Nevada,44426.0,2005
New Hampshire,45263.0,2005
New Jersey,57707.0,2005
New Mexico,41637.0,2005
New York,57354.0,2005
North Carolina,43922.0,2005
North Dakota,37773.0,2005
Ohio,50314.0,2005
Oklahoma,38772.0,2005
Oregon,48981.0,2005
Pennsylvania,54027.0,2005
Rhode Island,54730.0,2005
South Carolina,43242.0,2005
South Dakota,34709.0,2005
Tennessee,42537.0,2005
Texas,41744.0,2005
Utah,40316.0,2005
Vermont,46622.0,2005
Virginia,43823.0,2005
Washington,46326.0,2005
West Virginia,38284.0,2005
Wisconsin,46390.0,2005
Wyoming,43225.0,2005
United States,52308.0,2007
Alabama,46604.0,2007
Alaska,56758.0,2007
Arizona,45772.0,2007
Arkansas,45773.0,2007
California,64424.0,2007
Colorado,47248.0,2007
Connecticut,61976.0,2007
Delaware,55994.0,2007
District of Columbia,60628.0,2007
Florida,46930.0,2007
Georgia,51560.0,2007
Hawaii,53400.0,2007
Idaho,44099.0,2007
Illinois,60474.0,2007
Indiana,48508.0,2007
Iowa,46664.0,2007
Kansas,45136.0,2007
Kentucky,47207.0,2007
Louisiana,46964.0,2007
Maine,43397.0,2007
Maryland,60069.0,2007
Massachusetts,60471.0,2007
Michigan,56096.0,2007
Minnesota,50582.0,2007
Mississippi,42403.0,2007
Missouri,43206.0,2007
Montana,42874.0,2007
Nebraska,42885.0,2007
Nevada,47710.0,2007
New Hampshire,47609.0,2007
New Jersey,61277.0,2007
New Mexico,45112.0,2007
New York,62332.0,2007
North Carolina,47354.0,2007
North Dakota,40279.0,2007
Ohio,53410.0,2007
Oklahoma,43551.0,2007
Oregon,51811.0,2007
Pennsylvania,55833.0,2007
Rhode Island,57168.0,2007
South Carolina,45758.0,2007
South Dakota,36674.0,2007
Tennessee,45030.0,2007
Texas,46179.0,2007
Utah,41615.0,2007
Vermont,46593.0,2007
Virginia,46796.0,2007
Washington,49884.0,2007
West Virginia,42529.0,2007
Wisconsin,49051.0,2007
Wyoming,53074.0,2007
United States,53910.0,2008
Alabama,48906.0,2008
Alaska,58916.0,2008
Arizona,47937.0,2008
Arkansas,47472.0,2008
California,66986.0,2008
Colorado,48707.0,2008
Connecticut,63976.0,2008
Delaware,55994.0,2008
District of Columbia,62557.0,2008
Florida,48126.0,2008
Georgia,53270.0,2008
Hawaii,55733.0,2008
Idaho,45439.0,2008
Illinois,62787.0,2008
Indiana,49198.0,2008
Iowa,48969.0,2008
Kansas,46987.0,2008
Kentucky,49539.0,2008
Louisiana,49284.0,2008
Maine,44731.0,2008
Maryland,60844.0,2008
Massachusetts,62769.0,2008
Michigan,57327.0,2008
Minnesota,51938.0,2008
Mississippi,44498.0,2008
Missouri,44712.0,2008
Montana,44426.0,2008
Nebraska,44120.0,2008
Nevada,50067.0,2008
New Hampshire,48934.0,2008
New Jersey,63018.0,2008
New Mexico,47341.0,2008
New York,65234.0,2008
North Carolina,48603.0,2008
North Dakota,41534.0,2008
Ohio,54925.0,2008
Oklahoma,45702.0,2008
Oregon,52950.0,2008
Pennsylvania,56906.0,2008
Rhode Island,58491.0,2008
South Carolina,47704.0,2008
South Dakota,38017.0,2008
Tennessee,46278.0,2008
Texas,46179.0,2008
Utah,42335.0,2008
Vermont,47697.0,2008
Virginia,48554.0,2008
Washington,51970.0,2008
West Virginia,44625.0,2008
Wisconsin,50424.0,2008
Wyoming,55696.0,2008
United States,55350.0,2009
Alabama,47156.0,2009
Alaska,59729.0,2009
Arizona,46952.0,2009
Arkansas,49051.0,2009
California,70458.0,2009
Colorado,49505.0,2009
Connecticut,64350.0,2009
Delaware,57080.0,2009
District of Columbia,64548.0,2009
Florida,46912.0,2009
Georgia,54274.0,2009
Hawaii,58168.0,2009
Idaho,46283.0,2009
Illinois,62077.0,2009
Indiana,49986.0,2009
Iowa,50547.0,2009
Kansas,46957.0,2009
Kentucky,48354.0,2009
Louisiana,50349.0,2009
Maine,46106.0,2009
Maryland,65333.0,2009
Massachusetts,68000.0,2009
Michigan,57958.0,2009
Minnesota,53069.0,2009
Mississippi,45644.0,2009
Missouri,45317.0,2009
Montana,45759.0,2009
Nebraska,46080.0,2009
Nevada,51524.0,2009
New Hampshire,51365.0,2009
New Jersey,64809.0,2009
New Mexico,46401.0,2009
New York,71470.0,2009
North Carolina,48648.0,2009
North Dakota,42964.0,2009
Ohio,55931.0,2009
Oklahoma,44143.0,2009
Oregon,55224.0,2009
Pennsylvania,58124.0,2009
Rhode Island,59636.0,2009
South Carolina,48417.0,2009
South Dakota,35136.0,2009
Tennessee,46290.0,2009
Texas,47157.0,2009
Utah,43068.0,2009
Vermont,49053.0,2009
Virginia,49999.0,2009
Washington,53653.0,2009
West Virginia,45959.0,2009
Wisconsin,52644.0,2009
Wyoming,55694.0,2009
United States,56069.0,2010
Alabama,48282.0,2010
Alaska,61093.0,2010
Arizona,47553.0,2010
Arkansas,47700.0,2010
California,69434.0,2010
Colorado,49938.0,2010
Connecticut,65571.0,2010
Delaware,57934.0,2010
District of Columbia,66601.0,2010
Florida,46702.0,2010
Georgia,53906.0,2010
Hawaii,55063.0,2010
Idaho,47416.0,2010
Illinois,63005.0,2010
Indiana,50407.0,2010
Iowa,50634.0,2010
Kansas,47080.0,2010
Kentucky,50038.0,2010
Louisiana,49634.0,2010
Maine,47182.0,2010
Maryland,65113.0,2010
Massachusetts,71017.0,2010
Michigan,58595.0,2010
Minnesota,53215.0,2010
Mississippi,46818.0,2010
Missouri,46411.0,2010
Montana,47132.0,2010
Nebraska,47521.0,2010
Nevada,53023.0,2010
New Hampshire,52792.0,2010
New Jersey,66985.0,2010
New Mexico,46950.0,2010
New York,72708.0,2010
North Carolina,46850.0,2010
North Dakota,44266.0,2010
Ohio,57291.0,2010
Oklahoma,49039.0,2010
Oregon,56387.0,2010
Pennsylvania,60536.0,2010
Rhode Island,60923.0,2010
South Carolina,49434.0,2010
South Dakota,35201.0,2010
Tennessee,47043.0,2010
Texas,48261.0,2010
Utah,46571.0,2010
Vermont,50141.0,2010
Virginia,51559.0,2010
Washington,53796.0,2010
West Virginia,47253.0,2010
Wisconsin,52031.0,2010
Wyoming,56978.0,2010
United States,56643.0,2011
Alabama,48003.0,2011
Alaska,62425.0,2011
Arizona,48691.0,2011
Arkansas,46959.0,2011
California,69496.0,2011
Colorado,50407.0,2011
Connecticut,70821.0,2011
Delaware,58800.0,2011
District of Columbia,68720.0,2011
Florida,46232.0,2011
Georgia,52938.0,2011
Hawaii,54268.0,2011
Idaho,48551.0,2011
Illinois,66053.0,2011
Indiana,51629.0,2011
Iowa,51037.0,2011
Kansas,46718.0,2011
Kentucky,49730.0,2011
Louisiana,50179.0,2011
Maine,48283.0,2011
Maryland,63634.0,2011
Massachusetts,72000.0,2011
Michigan,64879.0,2011
Minnesota,54959.0,2011
Mississippi,41646.0,2011
Missouri,46406.0,2011
Montana,48546.0,2011
Nebraska,48718.0,2011
Nevada,54559.0,2011
New Hampshire,54177.0,2011
New Jersey,68207.0,2011
New Mexico,48011.0,2011
New York,74449.0,2011
North Carolina,46605.0,2011
North Dakota,46058.0,2011
Ohio,57528.0,2011
Oklahoma,44156.0,2011
Oregon,57348.0,2011
Pennsylvania,62215.0,2011
Rhode Island,62186.0,2011
South Carolina,48176.0,2011
South Dakota,39850.0,2011
Tennessee,46613.0,2011
Texas,49017.0,2011
Utah,48159.0,2011
Vermont,51306.0,2011
Virginia,49560.0,2011
Washington,54193.0,2011
West Virginia,45320.0,2011
Wisconsin,55492.0,2011
Wyoming,57222.0,2011
United States,56383.0,2012
Alabama,47949.0,2012
Alaska,65468.0,2012
Arizona,49885.0,2012
Arkansas,46632.0,2012
California,69324.0,2012
Colorado,49844.0,2012
Connecticut,69766.0,2012
Delaware,59679.0,2012
District of Columbia,70906.0,2012
Florida,46944.0,2012
Georgia,52880.0,2012
Hawaii,54300.0,2012
Idaho,49734.0,2012
Illinois,59113.0,2012
Indiana,51456.0,2012
Iowa,51528.0,2012
Kansas,47464.0,2012
Kentucky,50326.0,2012
Louisiana,51381.0,2012
Maine,48119.0,2012
Maryland,65265.0,2012
Massachusetts,73129.0,2012
Michigan,61560.0,2012
Minnesota,56268.0,2012
Mississippi,41994.0,2012
Missouri,47517.0,2012
Montana,49999.0,2012
Nebraska,48931.0,2012
Nevada,55957.0,2012
New Hampshire,55599.0,2012
New Jersey,68797.0,2012
New Mexico,46573.0,2012
New York,75279.0,2012
North Carolina,45947.0,2012
North Dakota,47344.0,2012
Ohio,58092.0,2012
Oklahoma,44128.0,2012
Oregon,58758.0,2012
Pennsylvania,63521.0,2012
Rhode Island,63474.0,2012
South Carolina,47924.0,2012
South Dakota,39580.0,2012
Tennessee,48289.0,2012
Texas,48110.0,2012
Utah,49393.0,2012
Vermont,52526.0,2012
Virginia,49869.0,2012
Washington,53571.0,2012
West Virginia,46405.0,2012
Wisconsin,55171.0,2012
Wyoming,57920.0,2012
United States,56689.0,2013
Alabama,48413.0,2013
Alaska,66739.0,2013
Arizona,51109.0,2013
Arkansas,46950.0,2013
California,70126.0,2013
Colorado,50651.0,2013
Connecticut,70584.0,2013
Delaware,60571.0,2013
District of Columbia,73162.0,2013
Florida,46691.0,2013
Georgia,52924.0,2013
Hawaii,56291.0,2013
Idaho,50945.0,2013
Illinois,60124.0,2013
Indiana,50644.0,2013
Iowa,51662.0,2013
Kansas,48221.0,2013
Kentucky,50705.0,2013
Louisiana,52259.0,2013
Maine,49232.0,2013
Maryland,64868.0,2013
Massachusetts,73736.0,2013
Michigan,61866.0,2013
Minnesota,57230.0,2013
Mississippi,42187.0,2013
Missouri,48329.0,2013
Montana,49893.0,2013
Nebraska,49545.0,2013
Nevada,57391.0,2013
New Hampshire,57057.0,2013
New Jersey,70060.0,2013
New Mexico,45727.0,2013
New York,76566.0,2013
North Carolina,45355.0,2013
North Dakota,48666.0,2013
Ohio,57270.0,2013
Oklahoma,44277.0,2013
Oregon,58597.0,2013
Pennsylvania,64072.0,2013
Rhode Island,64696.0,2013
South Carolina,48425.0,2013
South Dakota,40023.0,2013
Tennessee,48049.0,2013
Texas,49270.0,2013
Utah,50659.0,2013
Vermont,53656.0,2013
Virginia,49233.0,2013
Washington,52236.0,2013
West Virginia,45583.0,2013
Wisconsin,54717.0,2013
Wyoming,57910.0,2013
United States,57379.0,2014
Alabama,49497.0,2014
Alaska,66755.0,2014
Arizona,45406.0,2014
Arkansas,48017.0,2014
California,72535.0,2014
Colorado,49828.0,2014
Connecticut,71709.0,2014
Delaware,59195.0,2014
District of Columbia,75490.0,2014
Florida,48992.0,2014
Georgia,53382.0,2014
Hawaii,57189.0,2014
Idaho,45218.0,2014
Illinois,61083.0,2014
Indiana,50502.0,2014
Iowa,52862.0,2014
Kansas,48990.0,2014
Kentucky,51093.0,2014
Louisiana,47886.0,2014
Maine,50017.0,2014
Maryland,64845.0,2014
Massachusetts,74805.0,2014
Michigan,62778.0,2014
Minnesota,56670.0,2014
Mississippi,42564.0,2014
Missouri,47394.0,2014
Montana,50999.0,2014
Nebraska,50318.0,2014
Nevada,56703.0,2014
New Hampshire,58554.0,2014
New Jersey,69038.0,2014
New Mexico,46003.0,2014
New York,77628.0,2014
North Carolina,47783.0,2014
North Dakota,50025.0,2014
Ohio,56172.0,2014
Oklahoma,44628.0,2014
Oregon,59811.0,2014
Pennsylvania,64717.0,2014
Rhode Island,65918.0,2014
South Carolina,48709.0,2014
South Dakota,40661.0,2014
Tennessee,48503.0,2014
Texas,50576.0,2014
Utah,45848.0,2014
Vermont,57642.0,2014
Virginia,50620.0,2014
Washington,53714.0,2014
West Virginia,45647.0,2014
Wisconsin,54535.0,2014
Wyoming,57715.0,2014
United States,58064.0,2015
Alabama,49781.0,2015
Alaska,67443.0,2015
Arizona,45477.0,2015
Arkansas,48220.0,2015
California,72842.0,2015
Colorado,50039.0,2015
Connecticut,72013.0,2015
Delaware,59085.0,2015
District of Columbia,75810.0,2015
Florida,49199.0,2015
Georgia,54190.0,2015
Hawaii,57431.0,2015
Idaho,45409.0,2015
Illinois,61342.0,2015
Indiana,50715.0,2015
Iowa,54416.0,2015
Kansas,49197.0,2015
Kentucky,51666.0,2015
Louisiana,46733.0,2015
Maine,50229.0,2015
Maryland,66482.0,2015
Massachusetts,76981.0,2015
Michigan,63878.0,2015
Minnesota,56910.0,2015
Mississippi,42744.0,2015
Missouri,47849.0,2015
Montana,51215.0,2015
Nebraska,51364.0,2015
Nevada,56943.0,2015
New Hampshire,58802.0,2015
New Jersey,69330.0,2015
New Mexico,47163.0,2015
New York,77957.0,2015
North Carolina,47985.0,2015
North Dakota,50237.0,2015
Ohio,56410.0,2015
Oklahoma,44921.0,2015
Oregon,60064.0,2015
Pennsylvania,64991.0,2015
Rhode Island,66197.0,2015
South Carolina,48542.0,2015
South Dakota,42025.0,2015
Tennessee,48708.0,2015
Texas,51758.0,2015
Utah,46042.0,2015
Vermont,58901.0,2015
Virginia,50834.0,2015
Washington,52539.0,2015
West Virginia,45977.0,2015
Wisconsin,54766.0,2015
Wyoming,57761.0,2015
United States,58950.0,2016
Alabama,48868.0,2016
Alaska,68138.0,2016
Arizona,47403.0,2016
Arkansas,48616.0,2016
California,78711.0,2016
Colorado,46506.0,2016
Connecticut,72561.0,2016
Delaware,60214.0,2016
District of Columbia,76131.0,2016
Florida,49407.0,2016
Georgia,54602.0,2016
Hawaii,57674.0,2016
Idaho,47504.0,2016
Illinois,61602.0,2016
Indiana,50554.0,2016
Iowa,55443.0,2016
Kansas,47984.0,2016
Kentucky,52339.0,2016
Louisiana,50000.0,2016
Maine,51077.0,2016
Maryland,66961.0,2016
Massachusetts,77804.0,2016
Michigan,62200.0,2016
Minnesota,57346.0,2016
Mississippi,42925.0,2016
Missouri,48293.0,2016
Montana,51422.0,2016
Nebraska,52338.0,2016
Nevada,57376.0,2016
New Hampshire,57253.0,2016
New Jersey,69623.0,2016
New Mexico,47500.0,2016
New York,79637.0,2016
North Carolina,49837.0,2016
North Dakota,51618.0,2016
Ohio,57000.0,2016
Oklahoma,45245.0,2016
Oregon,61631.0,2016
Pennsylvania,65863.0,2016
Rhode Island,66477.0,2016
South Carolina,48598.0,2016
South Dakota,42668.0,2016
Tennessee,48456.0,2016
Texas,52575.0,2016
Utah,47244.0,2016
Vermont,60187.0,2016
Virginia,51049.0,2016
Washington,54147.0,2016
West Virginia,45701.0,2016
Wisconsin,54998.0,2016
Wyoming,58650.0,2016
United States,60483.0,2017
Alabama,50239.0,2017
Alaska,69474.0,2017
Arizona,47746.0,2017
Arkansas,49017.0,2017
California,81126.0,2017
Colorado,52389.0,2017
Connecticut,73113.0,2017
Delaware,60484.0,2017
District of Columbia,76486.0,2017
Florida,47721.0,2017
Georgia,56329.0,2017
Hawaii,57866.0,2017
Idaho,49225.0,2017
Illinois,65776.0,2017
Indiana,54846.0,2017
Iowa,56790.0,2017
Kansas,50403.0,2017
Kentucky,52952.0,2017
Louisiana,50256.0,2017
Maine,51663.0,2017
Maryland,69761.0,2017
Massachusetts,79710.0,2017
Michigan,62702.0,2017
Minnesota,57782.0,2017
Mississippi,43107.0,2017
Missouri,49208.0,2017
Montana,52776.0,2017
Nebraska,53473.0,2017
Nevada,57812.0,2017
New Hampshire,57833.0,2017
New Jersey,69917.0,2017
New Mexico,47839.0,2017
New York,83585.0,2017
North Carolina,50861.0,2017
North Dakota,54421.0,2017
Ohio,58000.0,2017
Oklahoma,45678.0,2017
Oregon,63143.0,2017
Pennsylvania,67398.0,2017
Rhode Island,66758.0,2017
South Carolina,51027.0,2017
South Dakota,47944.0,2017
Tennessee,50900.0,2017
Texas,53167.0,2017
Utah,47604.0,2017
Vermont,58527.0,2017
Virginia,51265.0,2017
Washington,55175.0,2017
West Virginia,45642.0,2017
Wisconsin,55895.0,2017
Wyoming,58578.0,2017
United States,61730.0,2018
Alabama,50810.0,2018
Alaska,70277.0,2018
Arizona,49892.0,2018
Arkansas,51019.0,2018
California,82282.0,2018
Colorado,53301.0,2018
Connecticut,76465.0,2018
Delaware,62308.0,2018
District of Columbia,78477.0,2018
Florida,48395.0,2018
Georgia,57137.0,2018
Hawaii,59757.0,2018
Idaho,50757.0,2018
Illinois,66600.0,2018
Indiana,50937.0,2018
Iowa,58140.0,2018
Kansas,49800.0,2018
Kentucky,53434.0,2018
Louisiana,50923.0,2018
Maine,54974.0,2018
Maryland,70463.0,2018
Massachusetts,82042.0,2018
Michigan,61825.0,2018
Minnesota,58221.0,2018
Mississippi,45574.0,2018
Missouri,50064.0,2018
Montana,54034.0,2018
Nebraska,54506.0,2018
Nevada,54280.0,2018
New Hampshire,58146.0,2018
New Jersey,70212.0,2018
New Mexico,47826.0,2018
New York,85889.0,2018
North Carolina,53975.0,2018
North Dakota,53434.0,2018
Ohio,57799.0,2018
Oklahoma,52412.0,2018
Oregon,64385.0,2018
Pennsylvania,68141.0,2018
Rhode Island,67040.0,2018
South Carolina,50395.0,2018
South Dakota,48786.0,2018
Tennessee,51714.0,2018
Texas,54155.0,2018
Utah,50342.0,2018
Vermont,61027.0,2018
Virginia,52466.0,2018
Washington,72965.0,2018
West Virginia,47681.0,2018
Wisconsin,51453.0,2018
Wyoming,58618.0,2018
United States,63645.0,2019
Alabama,54095.0,2019
Alaska,70877.0,2019
Arizona,50381.0,2019
Arkansas,49822.0,2019
California,84659.0,2019
Colorado,57269.0,2019
Connecticut,78247.0,2019
Delaware,64853.0,2019
District of Columbia,79350.0,2019
Florida,48800.0,2019
Georgia,60578.0,2019
Hawaii,65409.0,2019
Idaho,52875.0,2019
Illinois,68305.0,2019
Indiana,51508.0,2019
Iowa,58917.0,2019
Kansas,52554.0,2019
Kentucky,53907.0,2019
Louisiana,50217.0,2019
Maine,54967.0,2019
Maryland,73444.0,2019
Massachusetts,83622.0,2019
Michigan,62185.0,2019
Minnesota,58663.0,2019
Mississippi,45192.0,2019
Missouri,50817.0,2019
Montana,52135.0,2019
Nebraska,55267.0,2019
Nevada,56672.0,2019
New Hampshire,60003.0,2019
New Jersey,76376.0,2019
New Mexico,54256.0,2019
New York,87543.0,2019
North Carolina,54682.0,2019
North Dakota,52328.0,2019
Ohio,59713.0,2019
Oklahoma,54038.0,2019
Oregon,67685.0,2019
Pennsylvania,70258.0,2019
Rhode Island,67323.0,2019
South Carolina,51485.0,2019
South Dakota,49220.0,2019
Tennessee,51862.0,2019
Texas,57091.0,2019
Utah,52819.0,2019
Vermont,61108.0,2019
Virginia,53933.0,2019
Washington,72965.0,2019
West Virginia,50238.0,2019
Wisconsin,59176.0,2019
Wyoming,59014.0,2019
United States,65090.0,2020
Alabama,54271.0,2020
Alaska,72861.0,2020
Arizona,52157.0,2020
Arkansas,50992.0,2020
California,85892.0,2020
Colorado,60611.0,2020
Connecticut,79742.0,2020
Delaware,65798.0,2020
District of Columbia,80659.0,2020
Florida,49583.0,2020
Georgia,60553.0,2020
Hawaii,70922.0,2020
Idaho,51817.0,2020
Illinois,69300.0,2020
Indiana,52194.0,2020
Iowa,58911.0,2020
Kansas,53932.0,2020
Kentucky,54384.0,2020
Louisiana,51851.0,2020
Maine,57052.0,2020
Maryland,74514.0,2020
Massachusetts,86315.0,2020
Michigan,64267.0,2020
Minnesota,59069.0,2020
Mississippi,47655.0,2020
Missouri,51557.0,2020
Montana,52894.0,2020
Nebraska,56463.0,2020
Nevada,58167.0,2020
New Hampshire,61789.0,2020
New Jersey,77489.0,2020
New Mexico,54923.0,2020
New York,87738.0,2020
North Carolina,54392.0,2020
North Dakota,54837.0,2020
Ohio,61687.0,2020
Oklahoma,54256.0,2020
Oregon,68671.0,2020
Pennsylvania,71281.0,2020
Rhode Island,75966.0,2020
South Carolina,53361.0,2020
South Dakota,49993.0,2020
Tennessee,52380.0,2020
Texas,57641.0,2020
Utah,56918.0,2020
Vermont,61547.0,2020
Virginia,59267.0,2020
Washington,79529.0,2020
West Virginia,50261.0,2020
Wisconsin,60038.0,2020
Wyoming,60357.0,2020
